1861454,山梨県笛吹市
1852915,福岡県篠栗町
2112571,茨城県石岡市
1849796,三重県津市
2111277,宮城県利府町
1864750,大分県別府市
1860112,鹿児島県鹿屋市
1864572,福岡県筑紫野市
1849299,福岡県宇美町
1848087,福岡県行橋市
1851426,兵庫県洲本市
1857334,広島県三原市
1850034,大阪府富田林市
1851717,静岡県静岡市
1855416,岡山県新見市
1854902,静岡県沼津市
1856057,愛知県名古屋市
1861602,愛知県稲沢市
1855380,神奈川県二宮町
1861449,神奈川県伊勢原市
1861864,長野県飯田市
1859642,神奈川県川崎市
1862599,東京都日野市
1855503,東京都練馬区
1852502,埼玉県志木市
1851604,埼玉県草加市
1907125,埼玉県ふじみ野市
6822108,茨城県稲敷市
1854022,福井県大野市
1852347,茨城県筑西市
2112232,茨城県北茨城市
2110959,福島県須賀川市
2111834,岩手県盛岡市
2129211,青森県三沢市
2130452,北海道千歳市
1858421,熊本県熊本市
2113164,千葉県我孫子市
1863945,静岡県袋井市
1854383,岡山県岡山市
1850147,東京都新宿区
2111258,茨城県龍ケ崎市
1849053,栃木県宇都宮市
1854083,福岡県大牟田市
1847966,兵庫県明石市
1858756,静岡県湖西市
2128558,北海道音更町
1853909,大阪府大阪市
1848354,神奈川県横浜市
2111749,茨城県土浦市
1859740,埼玉県川越市
1859171,兵庫県神戸市
1863431,神奈川県秦野市
1863967,福岡県福岡市
1859924,千葉県柏市
1894616,沖縄県沖縄市
1855431,新潟県新潟市
2113015,千葉県千葉市
1864154,東京都府中市
1856215,長野県長野市
2111220,千葉県佐倉市
2113077,千葉県旭市
1856717,宮崎県宮崎市
1864624,神奈川県茅ヶ崎市
1857910,京都府京都市上京区
2112923,福島県福島市
1858729,埼玉県越谷市
1856697,愛知県みよし市
1848254,埼玉県さいたま市
1849876,富山県富山市
1854629,山口県山口市
1863289,静岡県浜松市
1907300,埼玉県和光市
1864518,東京都調布市
1850158,徳島県徳島市
1862415,広島県広島市
1860234,福岡県京都郡
1850910,大阪府高槻市
1855891,高知県四万十市
1863641,岐阜県岐阜市
1853574,滋賀県大津市
2110891,山形県高畠町
2110556,山形県山形市
1864092,神奈川県藤沢市
2128295,北海道札幌市
1860437,東京都三鷹市
1859884,埼玉県春日部市
1863905,千葉県船橋市
1850693,東京都小平市
1853195,大阪府堺市堺区
1860704,兵庫県加古川市
1848004,神奈川県座間市
1849837,大阪府豊中市
1849846,愛知県豊橋市
1907299,埼玉県朝霞市
1865387,兵庫県尼崎市
1848489,滋賀県野洲市
1865714,埼玉県上尾市
1848313,神奈川県横須賀市
2111149,宮城県仙台市
1848373,三重県四日市市
2130658,青森県青森市
1857550,島根県松江市
1856177,長崎県長崎市
1860095,佐賀県神埼市
1851100,香川県高松市
2128815,北海道帯広市
1855863,長野県中野市
2129376,北海道釧路市
2129101,北海道室蘭市
1849892,鳥取県鳥取市
1849563,山形県鶴岡市
1855580,徳島県鳴門市
1857276,兵庫県三木市
1854487,大分県大分市
1859100,山梨県甲府市
1848903,埼玉県蕨市
1865005,栃木県足利市
2130188,北海道函館市
1852607,新潟県新発田市
1859730,埼玉県川口市
1850311,栃木県栃木市
1859146,高知県高知市
1857594,島根県益田市
1856586,静岡県森町
1860243,石川県金沢市
1848689,山口県山口市
1857496,三重県松阪市
1860063,佐賀県唐津市
1861677,佐賀県伊万里市
1849183,佐賀県嬉野市
1860748,茨城県鹿嶋市
1849904,佐賀県鳥栖市
1852899,長崎県佐世保市
1861464,長崎県諫早市
1852479,長崎県島原市
1862555,長崎県平戸市
1864416,大阪府大東市
2130629,北海道旭川市
1854665,埼玉県小川町
1861084,島根県出雲市
1861212,山口県岩国市
1851348,三重県鈴鹿市
2111684,千葉県成田市
1853190,香川県坂出市
2127733,北海道苫小牧市
1857968,三重県桑名市
1848277,鳥取県米子市
1860034,愛知県刈谷市
1856293,三重県名張市
1861949,愛知県一宮市
1850185,愛知県常滑市
1862627,兵庫県姫路市
1857871,東京都町田市
1849429,長野県上田市
1859393,千葉県木更津市
1850345,三重県鳥羽市
1860098,栃木県鹿沼市
1849519,岡山県津山市
1850152,山口県周南市
1856775,宮崎県都城市
2112656,岩手県一関市
1926020,愛媛県宇和島市
1850499,兵庫県たつの市
1851032,富山県高岡市
1853483,栃木県小山市
1858311,岡山県倉敷市
1859307,福岡県北九州市
1861968,千葉県市川市
1858296,広島県呉市
1858910,石川県小松市
1858088,福岡県久留米市
1848445,熊本県八代市
2112539,福島県いわき市
1856243,滋賀県長浜市
1854703,岐阜県大垣市
1850091,群馬県富岡市
2111781,山形県長井市
2130534,北海道美唄市
1859175,宮崎県小林市
1853066,奈良県桜井市
1859675,大阪府池田市
1848573,福岡県柳川市
1861107,大阪府和泉市
1855078,千葉県野田市
1847968,神奈川県逗子市
1907301,埼玉県戸田市
2130421,北海道伊達市
2110560,岩手県山田町
1859094,福岡県古賀市
2128574,北海道小樽市
1855189,愛知県西尾市
1860871,大阪府門真市
1861095,大阪府泉大津市
1849831,兵庫県豊岡市
1859492,熊本県菊池市
1858926,愛知県小牧市
1896348,山口県光市
1857519,長野県松本市
1848188,埼玉県吉川市
1852357,静岡県下田市
1859908,新潟県柏崎市
2129537,北海道北見市
1857568,大阪府松原市
2129163,北海道紋別市
1848439,京都府八幡市
1856367,東京都武蔵野市
2111884,岩手県宮古市
1850523,千葉県館山市
2110498,山形県米沢市
1861528,愛知県犬山市
1859765,福井県勝山市
2110735,岩手県遠野市
1856068,沖縄県名護市
1861400,徳島県石井町
1853140,山形県酒田市
1850600,岐阜県垂井町
1863611,岐阜県神戸町
1851155,愛知県高浜市
1849661,大分県津久見市
1861835,福岡県飯塚市
1859405,群馬県桐生市
1864180,山梨県甲州市
1862540,大阪府枚方市
1850746,群馬県玉村町
1852595,群馬県渋川市
2129218,北海道余市町
1859116,東京都小平市
2110774,千葉県東金市
1852964,栃木県佐野市
1858964,東京都国分寺市
1855395,栃木県日光市
2110729,茨城県取手市
1863173,埼玉県羽生市
2112444,岩手県釜石市
1853081,長野県佐久市
2110480,千葉県四街道市
1851883,埼玉県白岡市
1856977,静岡県三島市
1858445,埼玉県久喜市
1850708,和歌山県田辺市
1863082,和歌山県橋本市
1852472,静岡県島田市
1848774,静岡県焼津市
1854747,神奈川県小田原市
1863310,島根県浜田市
1847963,神奈川県厚木市
1851002,群馬県高崎市
1857665,香川県丸亀市
1854444,新潟県小千谷市
1861207,愛知県岩倉市
1854384,長野県岡谷市
1858866,三重県菰野町
1849788,新潟県燕市
1851137,岡山県高梁市
1860341,新潟県加茂市
1855095,宮崎県延岡市
1851259,愛知県田原市
2128787,秋田県大館市
2110744,宮城県富谷市
1864549,愛知県知立市
1862636,滋賀県彦根市
1857062,岐阜県美濃市
1907165,東京都国立市
1854905,群馬県沼田市
1853662,山口県和木町
2110994,岩手県雫石町
2111310,岩手県大槌町
2112823,岩手県花巻市
1851125,大阪府高石市
1852663,愛知県瀬戸市
1849782,石川県津幡町
1850860,広島県竹原市
1849094,大分県臼杵市
1860626,三重県亀山市
2111008,千葉県酒々井町
1862462,神奈川県平塚市
1861436,群馬県伊勢崎市
2110506,秋田県横手市
2128983,北海道名寄市
2112758,山形県東根市
1907307,千葉県君津市
2130332,北海道深川市
1856434,新潟県村上市
1851282,香川県多度津町
2111827,栃木県茂木町
1856199,新潟県長岡市
1862010,鹿児島県指宿市
1897590,広島県海田町
1854093,長崎県大村市
1865401,鹿児島県阿久根市
1857208,熊本県水俣市
1858041,鹿児島県いちき串木野市
1854849,福井県小浜市
2111016,宮城県白石市
1859088,東京都小金井市
1860635,京都府亀岡市
1853008,兵庫県三田市
1863482,埼玉県行田市
2110460,秋田県湯沢市
1854405,福岡県大川市
1848096,茨城県結城市
1856569,滋賀県守山市
1850396,奈良県天理市
1855670,石川県七尾市
2112141,福島県郡山市
1847947,和歌山県新宮市
1860785,和歌山県海南市
1863693,愛知県蒲郡市
2110629,茨城県牛久市
1855753,岐阜県中津川市
1860672,神奈川県鎌倉市
2111248,山形県寒河江市
1853338,福井県鯖江市
1863418,山口県萩市
1854979,石川県野々市市
2129870,北海道岩見沢市
1851368,長野県諏訪市
1849539,愛知県津島市
2111836,栃木県真岡市
1852588,鹿児島県志布志市
1857712,鹿児島県枕崎市
1851273,福岡県田川市
1855134,兵庫県西脇市
2111831,茨城県守谷市
2112664,千葉県市原市
2112455,宮城県角田市
1862992,神奈川県葉山町
1849237,富山県魚津市
2112576,宮城県石巻市
2112343,茨城県笠間市
2112555,茨城県潮来市
1856881,茨城県常総市
2112989,茨城県大子町
1863440,東京都八王子市
1863341,石川県羽咋市
1861838,長野県飯山市
1850818,愛知県武豊町
1863917,広島県福山市
1863023,埼玉県川口市
2112802,千葉県銚子市
1851307,東京都立川市
1850892,岐阜県高山市
1849845,愛知県豊川市
1858428,埼玉県熊谷市
1853237,大分県佐伯市
1865309,徳島県阿南市
1853992,広島県尾道市
1862505,沖縄県宮古島市
1864873,京都府綾部市
1852003,長野県塩尻市
2130146,秋田県鹿角市
1862198,埼玉県本庄市
1849592,福井県敦賀市
1860563,富山県上市町
2127896,北海道滝川市
1864105,静岡県富士宮市
1863209,愛知県半田市
2111018,千葉県白井市
2130057,青森県弘前市
1858902,徳島県小松島市
1858972,鹿児島県霧島市
1858498,山口県下松市
1859952,大阪府藤井寺市
2128975,北海道根室市
2130705,北海道赤平市
1848550,山口県柳井市
1859319,福島県喜多方市
1859234,大分県杵築市
1857843,群馬県前橋市
2127515,北海道稚内市
1851483,大阪府吹田市
1857553,千葉県松戸市
1853564,山梨県都留市
1854492,神奈川県大磯町
1862373,大分県日田市
1851713,広島県庄原市
1856938,岐阜県御嵩町
1856667,岐阜県瑞浪市
1850207,岐阜県土岐市
1859998,岐阜県笠松町
2111687,千葉県習志野市
2111049,宮城県塩竈市
1863183,埼玉県飯能市
1907123,埼玉県蓮田市
1858067,滋賀県草津市
1864009,京都府福知山市
1850589,鹿児島県垂水市
1857379,栃木県壬生町
1860458,栃木県上三川町
2131612,青森県五所川原市
1852849,埼玉県幸手市
1856184,千葉県流山市
1849186,千葉県浦安市
2111704,福島県浪江町
1850217,新潟県十日町市
1862689,大分県日出町
1864637,埼玉県秩父市
1853295,神奈川県相模原市
1864031,埼玉県深谷市
1855363,山梨県韮崎市
1865294,愛知県安城市
2127878,青森県むつ市
1864132,静岡県藤枝市
1863495,沖縄県うるま市
1854868,富山県入善町
1862352,熊本県人吉市
1850559,群馬県館林市
2112527,宮城県岩沼市
2129003,北海道七飯町
1864099,群馬県藤岡市
1856703,京都府宮津市
1851193,岐阜県多治見市
1856878,新潟県見附市
1863540,新潟県五泉市
1852901,兵庫県篠山市
1854371,埼玉県桶川市
1860728,静岡県掛川市
2111999,栃木県益子町
2111855,千葉県茂原市
1848243,埼玉県寄居町
2129909,北海道石狩市
1852984,新潟県三条市
1860735,岐阜県各務原市
1865290,群馬県安中市
1907306,東京都狛江市
1860122,香川県観音寺市
1854807,長崎県長与町
1849706,大分県玖珠町
1850181,埼玉県所沢市
2127955,北海道砂川市
2111461,宮城県大河原町
2110793,山形県天童市
1856560,埼玉県毛呂山町
1861749,奈良県生駒市
1853174,島根県松江市
2112008,宮城県丸森町
2111943,福島県三春町
1863357,神奈川県箱根町
1854018,山口県山陽小野田市
2129961,岩手県一戸町
1864652,沖縄県北谷町
2110579,千葉県八街市
2110586,宮城県亘理町
2110596,宮城県涌谷町
1848016,山形県遊佐町
2130404,北海道江別市
1848482,島根県安来市
1850745,熊本県玉名市
1862230,熊本県天草市
1926054,愛媛県西条市
2112409,山形県上山市
2111065,山形県新庄市
1852046,愛知県新城市
1858301,鳥取県倉吉市
1863521,島根県江津市
2128867,秋田県能代市
2111656,福島県二本松市
1853209,埼玉県坂戸市
1850472,奈良県田原本町
1863018,広島県廿日市市
1851504,埼玉県杉戸町
2130741,北海道網走市
2130612,北海道芦別市
1850004,香川県土庄町
2111530,岩手県大船渡市
2128382,北海道留萌市
1850108,沖縄県豊見城市
1864945,静岡県熱海市
1862612,富山県氷見市
2111173,千葉県香取市
2127802,北海道当別町
1863592,奈良県五條市
2127383,北海道美幌町
2129395,青森県黒石市
2110518,千葉県匝瑳市
1855203,鹿児島県西之表市
1851606,岡山県総社市
1863528,静岡県御殿場市
1854186,長野県大町市
1849584,石川県白山市
1854162,東京都青梅市
1856584,大阪府守口市
1849372,京都府宇治市
1854530,埼玉県ふじみ野市
1854774,島根県大田市
1854026,兵庫県小野市
1851068,宮崎県高鍋町
1848113,神奈川県湯河原町
1853192,群馬県伊勢崎市
1849498,山口県宇部市
1858794,埼玉県鴻巣市
1865412,兵庫県赤穂市
1848522,大阪府八尾市
1861641,長野県伊那市
2128072,北海道白老町
1859093,茨城県古河市
1855852,群馬県中之条町
1861450,三重県伊勢市
1863713,千葉県富津市
1861290,静岡県伊東市
2111559,山形県尾花沢市
2111325,栃木県大田原市
1848705,熊本県山鹿市
1854803,愛知県東浦町
1926006,愛媛県伊予市
2113115,茨城県阿見町
1853677,群馬県太田市
1926055,愛媛県大洲市
1863541,奈良県御所市
1850498,長野県郡辰野町
1859941,佐賀県鹿島市
1851462,高知県宿毛市
1861108,鹿児島県出水市
2127545,北海道歌志内市
1895695,宮崎県串間市
1865449,高知県安芸市
1857046,大阪府箕面市
2112913,茨城県東海村
1850878,大分県竹田市
1849069,熊本県宇土市
2129868,北海道岩内町
1853433,熊本県大津町
1861584,高知県いの町
1849729,福岡県築上町
1848194,群馬県高崎市
1848210,新潟県燕市
1848382,滋賀県東近江市
1848447,富山県富山市
1848498,兵庫県加東市
1848499,埼玉県八潮市
1848633,兵庫県宍粟市
1848776,栃木県矢板市
1848933,徳島県美馬市
1849154,熊本県天草市
1849367,栃木県さくら市
1849407,山梨県上野原市
1849414,三重県伊賀市
1849424,熊本県熊本市
1849561,大分県大分市
1849647,宮崎県西都市
1849814,愛知県豊田市
1849817,長野県安曇野市
1849850,愛知県南知多町
1850269,長崎県時津町
1850307,新潟県長岡市
1850405,秋田県潟上市
1850627,福岡県久留米市
1850630,栃木県佐野市
1850692,東京都西東京市
1850707,京都府京田辺市
1850742,岡山県玉野市
1850834,佐賀県武雄市
1850872,福井県越前市
1851012,兵庫県宝塚市
1851170,大分県豊後高田市
1851357,長野県須坂市
1851390,高知県須崎市
1851494,新潟県阿賀野市
1851542,鹿児島県曽於市
1851622,愛知県稲沢市
1851711,埼玉県久喜市
1851813,新潟県新潟市南区
1851935,兵庫県姫路市
1851952,新潟県南魚沼市
1852102,広島県福山市
1852109,福岡県新宮町
1852140,東京都品川区
1852225,山口県下関市
1852383,和歌山県和歌山市
1852385,富山県高岡市
1852561,香川県さぬき市
1852673,福岡県みやま市
1852736,鹿児島県薩摩川内市
1853193,茨城県境町
1853280,静岡県牧之原市
1853303,佐賀県佐賀市
1853354,山梨県南アルプス市
1853371,新潟県佐渡市
1853486,静岡県御前崎市
1853514,三重県尾鷲市
1854028,広島県廿日市市
1854177,群馬県みどり市
1854246,鹿児島県伊佐市
1854376,愛知県岡崎市
1855066,福岡県直方市
1855207,兵庫県西宮市
1855410,新潟県新潟市秋葉区
1855425,愛媛県新居浜市
1855476,宮崎県日南市
1855540,鹿児島県奄美市
1855612,奈良県奈良市
1855694,富山県滑川市
1855757,大分県中津市
1855907,福岡県中間市
1856035,沖縄県那覇市
1856392,高知県室戸市
1856426,新潟県五泉市
1856456,京都府京都市
1856476,新潟県南魚沼市
1856698,広島県三次市
1856828,福岡県宮若市
1856942,東京都三鷹市
1857144,神奈川県大和市
1857209,滋賀県甲賀市
1857260,福井県坂井市
1857403,埼玉県熊谷市
1857470,石川県白山市
1857560,熊本県宇城市
1857651,福井県坂井市
1857659,長野県上田市
1857751,新潟県新潟市西蒲区
1857766,京都府舞鶴市
1857844,福岡県糸島市
1858249,愛知県一宮市
1858283,埼玉県久喜市
1858591,愛知県豊川市
1858695,富山県射水市
1858836,愛知県江南市
1858858,長野県小諸市
1859113,埼玉県本庄市
1859335,滋賀県大津市
1859383,大阪府岸和田市
1859400,埼玉県加須市
1859586,埼玉県加須市
1859647,福岡県添田町
1859891,愛知県春日井市
1859951,奈良県橿原市
1859964,鹿児島県南さつま市
1859990,岡山県笠岡市
1860176,広島県福山市
1860191,愛知県蟹江町
1860211,群馬県高崎市
1860256,静岡県島田市
1860321,徳島県吉野川市
1860335,岡山県浅口市
1860648,新潟県新潟市江南区
1860750,鹿児島県姶良市
1860765,大阪府貝塚市
1860827,鹿児島県鹿児島市
1861164,埼玉県さいたま市岩槻区
1861171,静岡県磐田市
1861223,茨城県坂東市
1861244,和歌山県岩出市
1861261,東京都あきる野市
1861280,沖縄県糸満市
1861285,新潟県糸魚川市
1861310,兵庫県伊丹市
1861383,愛知県西尾市
1861393,沖縄県うるま市
1861406,茨城県常総市
1861416,沖縄県石垣市
1861586,広島県尾道市
1861699,栃木県日光市
1861795,大阪府池田市
1861799,徳島県三好市
1861825,鹿児島県日置市
1861901,三重県伊賀市
1862033,大阪府茨木市
1862034,岡山県井原市
1862098,長野県安曇野市
1862302,山口県防府市
1862389,三重県津市
1862471,島根県出雲市
1862601,滋賀県日野町
1862912,愛知県碧南市
1863279,鹿児島県霧島市
1863293,静岡県浜松市
1863398,奈良県宇陀市
1863426,沖縄県うるま市
1863451,滋賀県近江八幡市
1863614,和歌山県美浜町
1863627,沖縄県宜野湾市
1863953,兵庫県南あわじ市
1863973,富山県南砺市
1863978,福岡県福津市
1863985,福井県福井市
1863997,長崎県五島市
1864025,埼玉県鴻巣市
1864098,栃木県栃木市
1864134,静岡県富士市
1864155,広島県府中市
1864557,長野県茅野市
1864985,兵庫県芦屋市
1865207,新潟県妙高市
1865375,福岡県朝倉市
1865661,兵庫県相生市
1899102,山口県長門市
1907146,埼玉県狭山市
1907148,東京都福生市
1907309,神奈川県三浦市
1926004,和歌山県和歌山市
1926099,愛媛県松山市
1926101,愛媛県松前町
1926116,愛媛県四国中央市
1926142,愛媛県松山市
2110538,福島県伊達市
2110541,宮城県東松島市
2110683,茨城県つくば市
2110743,茨城県笠間市
2110893,茨城県高萩市
2111425,茨城県常陸大宮市
2111429,千葉県香取市
2111435,秋田県大仙市
2111441,茨城県茨城町
2111495,千葉県いすみ市
2111567,茨城県大洗町
2111568,千葉県大網白里市
2111677,千葉県山武市
2111824,福島県本宮市
2111859,岩手県奥州市
2111901,茨城県水戸市
2111964,宮城県松島町
2112019,茨城県桜川市
2112077,栃木県那須塩原市
2112182,宮城県美里町
2112227,岩手県北上市
2112297,千葉県鴨川市
2112309,千葉県勝浦市
2112312,茨城県ひたちなか市
2112319,千葉県香取市
2112354,栃木県那須烏山市
2112521,茨城県桜川市
2112583,福島県石川町
2112615,福島県猪苗代町
2112692,福島県伊達市
2112708,茨城県日立市
2112899,宮城県大崎市
2112903,福島県田村市
2112940,茨城県取手市
2112963,茨城県稲敷市
2113126,秋田県秋田市
2113719,秋田県秋田市
2127910,秋田県北秋田市
2128025,北海道新ひだか町
2128147,北海道富良野市
2128206,北海道標津町
2129005,青森県青森市
2129324,北海道稚内市
2129513,青森県つがる市
2129766,北海道北斗市
2130054,北海道北広島市
2130203,青森県八戸市
6694821,富山県南砺市
6696932,三重県津市
6697563,大阪府寝屋川市
6822096,茨城県ひたちなか市
6822131,東京都あきる野市
6822146,福岡県大野城市
6822181,千葉県鎌ケ谷市
6822217,岐阜県美濃加茂市
6822219,岐阜県郡上市
6825489,新潟県上越市
6940394,埼玉県さいたま市見沼区
7279570,東京都東村山市
7279571,大分県国東市
7281819,山梨県富士河口湖町
8125829,京都府京都市上京区
8198709,福岡県豊前市
1848169,奈良県吉野町
1852534,福岡県築上町
1856798,広島県廿日市市
1862944,静岡県沼津市
2112454,秋田県仙北市
2129761,北海道上川町
6417596,和歌山県高野町
6691616,愛媛県鬼北町
6697514,福井県越前町
6941783,北海道ニセコ町
7303387,北海道利尻町
8198710,福岡県吉富町
